{"graph": {"_type": "graph-file", "path": "media/graph/graph_summary_506c1fbb.graph.json", "sha256": "506c1fbbe18686dbffa45ddd3fe8a83923d3ac8138f88f41825bd593741b7d4f", "size": 449}, "loss": 0.21005172981917858, "_timestamp": 1593723250.7018485, "_runtime": 21.909452199935913, "epoch": 1, "accuracy": 0.9400500059127808, "_step": 1}
